{"type": "block", "layer": 10, "block": 26, "features": [{"geom": {"lines": [[[-32.892379841344486, 8.458991266166969, 0.0], [-32.91205676082644, 8.422409828530181, 0.0], [-32.955404256874175, 8.373224396618426, 0.0], [-32.98868743104549, 8.332878079750992, 0.0], [-33.018751885170474, 8.301206293058975, 0.0], [-33.04743233548662, 8.283322851298339, 0.0], [-33.04335423587889, 8.255910984746714, 0.0], [-33.03043367505647, 8.21667662853542, 0.0], [-33.00928571558325, 8.191395036188949, 0.0], [-32.981866907971316, 8.190334457263463, 0.0], [-32.959622348683816, 8.190868647013806, 0.0], [-32.95073945498864, 8.177327420769487, 0.0], [-32.955586343960206, 8.165175955162441, 0.0], [-32.962021574167025, 8.14782852632192, 0.0], [-32.95660186621674, 8.135923666359654, 0.0], [-32.93448053405604, 8.141612514677023, 0.0], [-32.91887631650137, 8.133390515845713, 0.0], [-32.90841362262624, 8.12538903024487, 0.0]]]}, "mtl": 0}, {"geom": {"lines": [[[-32.90841362262624, 8.12538903024487, 0.0], [-32.88763553245468, 8.115571714267404, 0.0], [-32.865269120487625, 8.110950144454556, 0.0], [-32.846447379037116, 8.111401202603016, 0.0], [-32.820822172917104, 8.113734311571084, 0.0]]]}, "mtl": 0}, {"geom": {"lines": [[[-32.91887631650137, 8.133390515845713, 0.0], [-32.926867413563045, 8.109472906230955, 0.0], [-32.945402743369264, 8.096993319849597, 0.0], [-32.96381511414654, 8.079358857612783, 0.0], [-32.98210441580372, 8.056569727284163, 0.0], [-32.99004548917429, 8.030590834509246, 0.0], [-32.977495529768944, 8.00682356626044, 0.0], [-32.95138073879087, 7.9885395833822335, 0.0], [-32.93048105890122, 7.973568669092755, 0.0], [-32.906077969924695, 7.9552433451658535, 0.0], [-32.890270815193624, 7.93843099096697, 0.0], [-32.881307597086334, 7.921454576655761, 0.0], [-32.87731388229689, 7.897482709582098, 0.0], [-32.89580699005524, 7.883286521350921, 0.0], [-32.91442252925506, 7.874244639463496, 0.0], [-32.927619085088025, 7.853299092543155, 0.0], [-32.93560105824977, 7.829040633945431, 0.0], [-32.956942416815494, 7.790709512689161, 0.0], [-32.968386395677086, 7.768087539083873, 0.0], [-32.97828307667081, 7.752378838567532, 0.0], [-32.98121368814727, 7.731680546202732, 0.0], [-32.972046155896194, 7.706116000239279, 0.0], [-32.971596165076754, 7.6872182231089194, 0.0], [-32.9676919936394, 7.667028356508862, 0.0], [-32.975877549242355, 7.651361418691155, 0.0], [-32.96210990857763, 7.648254074267249, 0.0], [-32.9486693864178, 7.658890207482151, 0.0], [-32.93714393527695, 7.678075128750682, 0.0], [-32.92394834592254, 7.699019159384535, 0.0], [-32.91193214872019, 7.697588406711681, 0.0], [-32.89270521229145, 7.680859847151179, 0.0], [-32.883824707113114, 7.667321181440491, 0.0], [-32.89710216938222, 7.649813547109948, 0.0], [-32.92581672876078, 7.633654622487738, 0.0], [-32.93550878302727, 7.609357395730561, 0.0], [-32.955505625528524, 7.586531985189606, 0.0], [-32.973873219550114, 7.567183462580049, 0.0], [-32.980306844032455, 7.5498403730987516, 0.0], [-32.95945181461034, 7.536590169745918, 0.0], [-32.94560309703558, 7.530047118948948, 0.0], [-32.94348367514633, 7.512909615374207, 0.0], [-32.95325687510461, 7.49204923587142, 0.0], [-32.95272540160848, 7.469717485911088, 0.0], [-32.938345774692316, 7.440843042041443, 0.0], [-32.93093134688723, 7.416958136543323, 0.0], [-32.926979045536946, 7.394709112229899, 0.0], [-32.90771371931989, 7.376264960983878, 0.0], [-32.9020511601875, 7.35405727907624, 0.0], [-32.8965520928552, 7.338720694767628, 0.0], [-32.89611105323145, 7.320169315065298, 0.0], [-32.880226709726465, 7.299925756953183, 0.0], [-32.85966013540278, 7.298699830378319, 0.0], [-32.84768676414381, 7.298986610598641, 0.0], [-32.83009251925109, 7.278783813330701, 0.0], [-32.805656752296706, 7.2587448429099775, 0.0]]]}, "mtl": 0}, {"geom": {"lines": [[[-33.07963347256497, 6.5472886982277565, 0.0], [-33.05650420132103, 6.510045755469701, 0.0], [-33.0217336880463, 6.486827416748717, 0.0], [-32.97503549804678, 6.465613052405788, 0.0], [-32.917834079639604, 6.43434126429613, 0.0], [-32.87814029315623, 6.4198297175655945, 0.0], [-32.83657413994422, 6.398490268108064, 0.0], [-32.81422408208601, 6.393870922566141, 0.0], [-32.78145224126695, 6.382628441416574, 0.0]]]}, "mtl": 0}, {"geom": {"lines": [[[-32.83657413994422, 6.398490268108064, 0.0], [-32.85839433509166, 6.380787706274463, 0.0], [-32.8769577130198, 6.370035167521943, 0.0], [-32.89389268574523, 6.36275750858252, 0.0], [-32.90753035901144, 6.360712761886978, 0.0], [-32.944819440668, 6.3460750427167865, 0.0], [-32.95662468640944, 6.338919982896564, 0.0], [-32.97555487735179, 6.343619930732441, 0.0], [-32.99794557709288, 6.349954680172863, 0.0], [-33.01687592473278, 6.3546543119167715, 0.0], [-33.03238672548393, 6.3594359268620435, 0.0], [-33.04789761280823, 6.364217417498918, 0.0], [-33.06161695011127, 6.365605839662403, 0.0], [-33.080629379799205, 6.373739045379801, 0.0], [-33.101515491723745, 6.38869916832466, 0.0]]]}, "mtl": 0}, {"geom": {"lines": [[[-32.775346245703226, 6.269387550303815, 0.0], [-32.79899764069422, 6.256796526923014, 0.0], [-32.817315978983366, 6.235743306423902, 0.0], [-32.83404653451554, 6.219881852373353, 0.0], [-32.859325333415846, 6.203815755842378, 0.0], [-32.87267673614218, 6.189753028756717, 0.0], [-32.88444068165515, 6.180881911672665, 0.0], [-32.89990934815936, 6.183947170068286, 0.0], [-32.91863419959481, 6.180062796800515, 0.0], [-32.94904094010367, 6.163873156159863, 0.0], [-32.96772470486812, 6.158271550826792, 0.0], [-32.99658460901233, 6.14898997328799, 0.0], [-33.01022095600481, 6.14694489778571, 0.0]]]}, "mtl": 0}, {"geom": {"lines": [[[-32.88444068165515, 6.180881911672665, 0.0], [-32.88195632582977, 6.1483019226468025, 0.0], [-32.87279660856136, 6.1227535680609755, 0.0], [-32.86363709706165, 6.097205441494176, 0.0], [-32.866404243942725, 6.069654238307485, 0.0], [-32.85577993098846, 6.054448432704025, 0.0], [-32.846824571028776, 6.037484923696496, 0.0]]]}, "mtl": 0}, {"geom": {"lines": [[[-33.10020892077758, 6.046867926440473, 0.0], [-33.09100641461302, 6.019604764118045, 0.0], [-33.080176375041034, 5.995816501527634, 0.0], [-33.07288835010128, 5.977096485480747, 0.0], [-33.07068804541268, 5.956536670570144, 0.0], [-33.06169069277121, 5.93785798927217, 0.0], [-33.04931544104208, 5.92097820613845, 0.0], [-33.04040014836364, 5.905733106927578, 0.0], [-33.02798435367441, 5.887136764992674, 0.0]]]}, "mtl": 0}, {"geom": {"lines": [[[-33.07288835010128, 5.977096485480747, 0.0], [-33.03824826540641, 5.959033466670169, 0.0], [-33.0190758819289, 5.944034285419785, 0.0], [-32.99660729829533, 5.934267233457844, 0.0], [-32.979308191728386, 5.9260936812705625, 0.0], [-32.95688074362207, 5.918043023944876, 0.0]]]}, "mtl": 0}, {"geom": {"lines": [[[-32.846824571028776, 6.037484923696496, 0.0], [-32.820732985883176, 6.019213679300591, 0.0], [-32.804817688480924, 5.997263471905441, 0.0], [-32.78894338490787, 5.97703007989064, 0.0], [-32.772988011936214, 5.953363271876524, 0.0]]]},