{"type": "block", "layer": 10, "block": 30, "features": [{"geom": {"lines": [[[-34.73233079293831, 4.708370598274128, 0.0], [-34.6669363386721, 4.68645314724615, 0.0], [-34.60599174624564, 4.675349598626126, 0.0], [-34.54708730600616, 4.662093339853438, 0.0], [-34.47364977329126, 4.653395127300994, 0.0]]]}, "mtl": 0}, {"geom": {"lines": [[[-35.56313443790861, 5.642591682583461, 0.0], [-35.51737797882105, 5.65424725891663, 0.0], [-35.47998791103937, 5.665692621278392, 0.0], [-35.434074162538046, 5.671045052910462, 0.0], [-35.40254027396876, 5.682342834324575, 0.0], [-35.352808783789655, 5.685687266003433, 0.0], [-35.27786955644445, 5.702270907849477, 0.0], [-35.21950767226147, 5.712133510105568, 0.0], [-35.16104149127405, 5.717793555606568, 0.0], [-35.03527494883967, 5.710411613023138, 0.0], [-34.96807899915192, 5.701570392311986, 0.0], [-34.91960617169426, 5.688059391644023, 0.0], [-34.86893885657844, 5.670398102015847, 0.0], [-34.804042460952175, 5.669902845925314, 0.0], [-34.72266934774522, 5.68032234452942, 0.0], [-34.66675707725449, 5.704824017128141, 0.0], [-34.598343990436966, 5.731734822312345, 0.0], [-34.5362048834253, 5.75848943519657, 0.0]]]}, "mtl": 0}, {"geom": {"lines": [[[-34.86893885657844, 5.670398102015847, 0.0], [-34.86428410637768, 5.67036265347414, 0.0], [-34.87877809142628, 5.644932055035965, 0.0], [-34.88892695642446, 5.63206955309281, 0.0], [-34.89667413348504, 5.606655702725661, 0.0], [-34.91059288740968, 5.576885544225729, 0.0], [-34.91833967512, 5.55147219411141, 0.0], [-34.92389136291547, 5.521910050787106, 0.0], [-34.933677789238885, 5.4943449619942735, 0.0], [-34.937034246543966, 5.460634572096542, 0.0], [-34.94090736874013, 5.447928464292066, 0.0], [-34.999626313763, 5.452776696386323, 0.0], [-35.03314311233603, 5.454046191318274, 0.0], [-35.05411051926436, 5.455627057043603, 0.0], [-35.09594183801714, 5.454587416791575, 0.0], [-35.108491197496114, 5.454275378546805, 0.0]]]}, "mtl": 0}, {"geom": {"lines": [[[-35.30461755366512, 5.514542663939301, 0.0], [-35.22038213447135, 5.493524084098409, 0.0], [-35.15925914182401, 5.476130875011154, 0.0], [-35.108491197496114, 5.454275378546805, 0.0], [-35.055580809246244, 5.430370511881227, 0.0], [-35.01093406050344, 5.402056295414155, 0.0], [-34.9724077779626, 5.367284885922837, 0.0], [-34.92587832630951, 5.347422801883936, 0.0], [-34.87725816179743, 5.327611759510955, 0.0], [-34.82807153597175, 5.284696848050712, 0.0], [-34.78123570075912, 5.2522310942593675, 0.0], [-34.747155313626706, 5.227855536031332, 0.0], [-34.727869604722244, 5.2094187112014545, 0.0], [-34.693996138542374, 5.193443555257543, 0.0], [-34.67465969241425, 5.172906362213752, 0.0], [-34.65108949139384, 5.150372197170699, 0.0], [-34.61109752052871, 5.140851330414514, 0.0], [-34.57335115833604, 5.137578749761536, 0.0], [-34.53805528944556, 5.14895507302799, 0.0], [-34.509033090367204, 5.160176563513657, 0.0], [-34.47776558505423, 5.165148780944678, 0.0]]]}, "mtl": 0}, {"geom": {"lines": [[[-35.68560270816158, 5.618500856737326, 0.0], [-35.63404296679016, 5.632406103335303, 0.0], [-35.59440541647375, 5.637604076497306, 0.0], [-35.56313443790861, 5.642591682583461, 0.0]]]}, "mtl": 0}, {"geom": {"lines": [[[-35.73994326206581, 5.816815644494159, 0.0], [-35.69371421437236, 5.843201460411837, 0.0], [-35.633834544893126, 5.876235459949254, 0.0]]]}, "mtl": 0}, {"geom": {"lines": [[[-34.61908105214131, 5.819554237777311, 0.0], [-34.581161449247396, 5.799421114938096, 0.0], [-34.55324787893604, 5.770681372727903, 0.0], [-34.5362048834253, 5.75848943519657, 0.0]]]}, "mtl": 0}, {"geom": {"lines": [[[-35.633834544893126, 5.876235459949254, 0.0], [-35.60514394652306, 5.900918788303955, 0.0], [-35.565972062549534, 5.925023956936676, 0.0], [-35.53710257502086, 5.942564322612161, 0.0], [-35.503839898109064, 5.951806016249518, 0.0]]]}, "mtl": 0}, {"geom": {"lines": [[[-34.5362048834253, 5.75848943519657, 0.0], [-34.489193233110214, 5.75334109444063, 0.0], [-34.42465347809645, 5.767540895450165, 0.0], [-34.37490955998086, 5.787681469201035, 0.0], [-34.35241063273554, 5.809254168018678, 0.0], [-34.326739950889404, 5.8250312731488805, 0.0]]]}, "mtl": 0}, {"geom": {"lines": [[[-34.19903850609237, 5.848774663488093, 0.0], [-34.20189342077442, 5.836051534458523, 0.0]]]}, "mtl": 0}, {"geom": {"lines": [[[-34.47776558505423, 5.165148780944678, 0.0], [-34.434744040654195, 5.151496993955238, 0.0], [-34.39480431893395, 5.144073013905104, 0.0], [-34.31895483177524, 5.1228199875521385, 0.0], [-34.25356305033165, 5.101308383368188, 0.0], [-34.21765412805928, 5.08747864697897, 0.0], [-34.15012187666465, 5.063915545072225, 0.0], [-34.11191916351957, 5.0417351748978705, 0.0], [-34.084173222587644, 5.019298857449373, 0.0], [-34.03709852436348, 4.976321639006847, 0.0]]]}, "mtl": 0}, {"geom": {"lines": [[[-33.46461414468476, 5.8353922465179515, 0.0], [-33.452223766342215, 5.803868019597289, 0.0], [-33.45151849161814, 5.774457169008532, 0.0], [-33.45923119272464, 5.7469451364433475, 0.0], [-33.46664140088782, 5.706829112543694, 0.0], [-33.47878938215883, 5.689719998677106, 0.0], [-33.499506172772854, 5.680811134797553, 0.0], [-33.535016903489314, 5.677849585542527, 0.0], [-33.56231161658838, 5.681392276731952, 0.0], [-33.60838236133401, 5.682377569419171, 0.0], [-33.64827876780482, 5.687715569122298, 0.0]]]}, "mtl": 0}, {"geom": {"lines": [[[-33.39983668953839, 5.845552129585759, 0.0], [-33.38941500466427, 5.803284026056747, 0.0], [-33.381981888261635, 5.755117949715148, 0.0], [-33.37903469405748, 5.7194560513933315, 0.0], [-33.37843100588545, 5.6942475953553675, 0.0]]]}, "mtl": 0}, {"geom": {"lines": [[[-33.37843100588545, 5.6942475953553675, 0.0], [-33.39297332205726, 5.689692569582454, 0.0], [-33.41593333635674, 5.687035924671941, 0.0], [-33.440884360050454, 5.680127177096581, 0.0], [-33.467977455064556, 5.675268211915065, 0.0], [-33.499506172772854, 5.680811134797553, 0.0]]]}, "mtl": 0}, {"geom": {"lines": [[[-33.37843100588545, 5.6942475953553675, 0.0], [-33.37548394704674, 5.658586561569539, 0.0], [-33.381256357572596, 5.637428511018765, 0.0], [-33.387129295703026, 5.620471842440508, 0.0], [-33.40157050027967, 5.611715696771283, 0.0], [-33.42636978308051, 5.5985054730028185, 0.0], [-33.44917774922135, 5.58954685395257, 0.0], [-33.469994543473916, 5.584839843850242, 0.0], [-33.49060967347184, 5.571730307133277, 0.0], [-33.507141897206125, 5.562923079781028, 0.0], [-33.53219223511754, 5.560214902498819, 0.0], [-33.55081597335069, 5.551356770904133, 0.0], [-33.571480790019386, 5.5403472951618244, 0.0], [-33.58592082666906, 5.531590304666155, 0.0], [-33.60265438496513, 5.5311847139375425, 0.0], [-33.619539496296724, 5.537080610052446, 0.0], [-33.64055756190114, 5.540774419544797, 0.0], [-33.6594334482845, 5.5424181981236575, 0.0], [-33.68881841737248, 5.54590849571823, 0.0], [-33.70779554430837, 5.551753054331261, 0.0], [-33.726772729215796, 5.557597442953085, 0.0], [-33.745648781381725, 5.559240566057488, 0.0], [-33.75794586746695, 5.548432764792924, 0.0], [-33.78422617951522, 5.50996214286204, 0.0], [-33.78724439570505, 5.461549117626454, 0.0], [-33.794648326110064, 5.421437087193733, 0.0], [-33.81863243481528, 5.374617470744594, 0.0], [-33.82200464028253, 5.340909669570237, 0.0], [-33.831397784360504, 5.29654799934346, 0.0], [-33.853389956445426, 5.253982008585211, 0.0], [-33.879513439454065, 5.20921442456854, 0.0], [-33.90808254930836, 5.179097983187659, 0.0], [-33.934610322456216, 5.151132749649538, 0.0], [-33.99638495399937, 5.109699353745849, 0.0], [-34.04387455822086, 5.083323520406991, 0.0], [-34.07876468885572, 5.055153588385327, 0.0], [-34.11191916351957, 5.0417351748978705, 0.0]]]}, "mtl": 0}, {"geom": {"lines": [[[-33.73304934878054, 5.818080486347097, 0.0], [-33.72815674858742, 5.788771304761082, 0.0], [-33.7192829306793, 5.767967108195959, 0.0], [-33.689844568094344, 5.762376240228649, 0.0], [-33.672957685272465, 5.756480337219105, 0.0], [-33.66443841311733, 5.750381231930014, 0.0]]]},